Grupo_Variables,Num_Variables,Macro F1,Balanced Accuracy,Recall (Macro),MCC Multiclase,ROC-AUC (OvR),PR-AUC (OvR),Accuracy,Pct_Incremento_vs_Anterior,Ganancia_F1_vs_Base
1_Base_Demografica,2,0.27835106372472124,0.42897836074067247,0.42897836074067247,0.08208235796688601,0.6070858529685393,0.37354184517802347,0.41089259100952386,0.0,0.0
2_+Temporal,6,0.3664276085452384,0.43768746776891876,0.43768746776891876,0.1314139334709993,0.6679583082409659,0.4040037018698957,0.6644140965685135,31.642251925295888,0.08807654482051719
3_+Motivacion,7,0.39209375292057264,0.46447432649282094,0.46447432649282094,0.17083624890207916,0.6811067547530073,0.4152774795936661,0.7103247196795288,7.004424278299302,0.1137426891958514
4_+Tipo_Lugar,9,0.39183894819296144,0.46383468677043516,0.46383468677043516,0.17493849250852112,0.6865199191371012,0.4133311303231391,0.6998296094666988,-0.06498566368712518,0.11348788446824021
5_+Coordenadas,11,0.38078302026179583,0.4430572642974783,0.4430572642974783,0.15477950707069327,0.6781210205135448,0.40069836637617967,0.6964714355775307,-2.8215490017396405,0.1024319565370746
6_+Parroquia,12,0.392611766400006,0.40391012313952235,0.40391012313952235,0.16281303306879424,0.6834075724662382,0.3984566396862676,0.8009310038673941,3.1064268911144386,0.11426070267528476
7_+Distrito_Zona,14,0.3857208943908664,0.4011251521149986,0.4011251521149986,0.13208622819144594,0.6729096561475807,0.39025782890391536,0.7909378991835067,-1.7551363965284155,0.10736983066614514
