,Arma Blanca_Brier,Arma Blanca_ECE,Arma de Fuego_Brier,Arma de Fuego_ECE,Otros_Brier,Otros_ECE
Baseline Clase Mayoritaria,0.05114899925871016,0.05114899925871016,0.09340252038547071,0.0934025203854707,0.04225352112676056,0.04225352112676056
Baseline Territorial (Parroquia),0.05114899925871016,0.05114899925871016,0.09340252038547071,0.0934025203854707,0.04225352112676056,0.04225352112676056
Regresión Logística Multinomial,0.13351260620400995,0.2720433981486878,0.328615139051404,0.48568714855785594,0.10174843339347835,0.2161165538650234
Random Forest,0.055731727205337284,0.05575240919199408,0.09260593031875464,0.0893106004447739,0.03961519644180875,0.035470719051149006
Extra Trees,0.06854558932542623,0.10827279466271313,0.1109139362490734,0.14764269829503332,0.042268124536693846,0.040437361008154205
XGBoost Base (No Espacial),0.11178870499134064,0.22853735230139577,0.26798689365386963,0.41170106033999626,0.08792387694120407,0.1831637000578081
XGBoost con Covariables Geográficas,0.08392790704965591,0.16999680561609318,0.20317114889621735,0.33736735364743914,0.07208641618490219,0.16765104012192397
