Parroquia,Tasa_Error_Pct
PROGRESO,63.31658291457287
POSORJA,46.721311475409834
CHILE,18.181818181818176
FLORIDA,18.181818181818176
URDESA,16.666666666666664
MALVINAS NORTE,15.94202898550725
MALVINAS SUR,12.941176470588234
TRINITARIA NORTE,10.317460317460315
MARTHA DE ROLDÓS,9.523809523809524
MONTE BELLO,7.9999999999999964
CISNE,7.377049180327866
7 LAGOS,7.272727272727275
BASTIÓN POPULAR NORTE,6.741573033707871
JUAN MONTALVO,5.102040816326525
PORTETE,5.102040816326525
